Medicine_ID,Medicine_Name,Generic_Name,Category,Manufacturer,Dosage_Form,Strength,Unit_Price_INR,Pack_Size,Quantity_In_Stock,Reorder_Level,Batch_Number,Manufacturing_Date,Expiry_Date,Prescription_Required,Schedule,Storage_Condition,Description
MED0001,Dolo,Paracetamol,Opioid Analgesic,Wockhardt Ltd.,Injection,1g,796.23,20,4400,172,II9686,2025-10-19,2028-03-25,No,H,Refrigerate at 2-8°C,"Paracetamol 1g Injection used for treatment"
MED0002,Crocin,Ibuprofen,Thyroid,Alkem Labs,Powder,200mg,587.97,100,174,18,HF5820,2025-09-26,2029-08-24,Yes,OTC,Store below 25°C in a dry place,"Ibuprofen 200mg Powder used for treatment"
MED0003,Paracip,Diclofenac Sodium,Antiemetic,Ajanta Pharma,Solution,400mg,302.28,20,2070,153,JN8173,2025-11-27,2028-05-27,Yes,H,Store in cool and dry place,"Diclofenac Sodium 400mg Solution used for treatment"
MED0004,Calpol,Mefenamic Acid,Antacid,Wockhardt Ltd.,Suppository,2.5mg,603.81,60,1269,19,CF2154,2024-10-13,2026-10-17,Yes,H,Refrigerate at 2-8°C,"Mefenamic Acid 2.5mg Suppository used for treatment"
MED0005,Combiflam,Aceclofenac,Antibiotic,Zydus Cadila,Gel,100ml,430.14,500ml,775,158,RM2902,2025-08-06,2026-02-03,Yes,OTC,Store below 30°C away from light,"Aceclofenac 100ml Gel used for treatment"
MED0006,Saridon,Aspirin,Urology,Abbott India,Capsule,1g,220.50,10,1836,10,XM8110,2024-02-10,2027-05-02,No,G,Refrigerate at 2-8°C,"Aspirin 1g Capsule used for treatment"
MED0007,Disprin,Azithromycin,Antitubercular,MSD Pharma,Ointment,1g,615.00,15,4308,65,YL3385,2025-12-08,2028-07-20,No,H,Store at room temperature (15-30°C),"Azithromycin 1g Ointment used for treatment"
MED0008,Ecosprin,Amoxicillin,Urology,Ajanta Pharma,Inhaler,7.5mg,389.94,10,4107,111,AI9585,2025-05-13,2026-09-23,Yes,OTC,Store below 30°C away from light,"Amoxicillin 7.5mg Inhaler used for treatment"
MED0009,Aspirin,Amoxicillin+Clavulanate,Antitubercular,Emcure Pharma,Ointment,37.5mg,896.68,500ml,4820,113,HO3225,2024-02-04,2028-10-18,Yes,H1,Keep in a dry place away from sunlight,"Amoxicillin+Clavulanate 37.5mg Ointment used for treatment"
MED0010,Brufen,Ciprofloxacin,Anticoagulant,Alkem Labs,Cream,500mg,187.84,15,3858,144,MB8450,2024-01-14,2028-08-22,Yes,H1,Protect from moisture and light,"Ciprofloxacin 500mg Cream used for treatment"
MED0011,Ibugesic,Norfloxacin,Bronchodilator,Micro Labs,Suppository,5ml,974.59,15,953,10,EF4640,2025-09-08,2029-10-06,Yes,H,Refrigerate at 2-8°C,"Norfloxacin 5ml Suppository used for treatment"
MED0012,Voveran,Ofloxacin,Antihistamine,Alkem Labs,Suppository,300mg,669.24,15,2083,172,PO7638,2024-10-24,2029-02-05,No,G,Store at room temperature (15-30°C),"Ofloxacin 300mg Suppository used for treatment"
MED0013,Diclomol,Levofloxacin,Antihistamine,Cipla Ltd.,Suspension,200ml,873.77,500ml,3835,49,TH5814,2025-04-02,2029-02-11,Yes,X,Refrigerate at 2-8°C,"Levofloxacin 200ml Suspension used for treatment"
MED0014,Flexon,Metronidazole,Bronchodilator,MSD Pharma,Gel,100ml,930.01,500ml,3695,141,NY1821,2025-12-18,2027-05-17,No,OTC,Refrigerate at 2-8°C,"Metronidazole 100ml Gel used for treatment"
MED0015,Meftal,Tinidazole,Antihistamine,Wockhardt Ltd.,Solution,800mg,443.76,30,3429,86,NU3958,2025-07-24,2029-05-06,Yes,X,Store below 30°C away from light,"Tinidazole 800mg Solution used for treatment"
MED0016,Ponstan,Fluconazole,Antihypertensive,Abbott India,Inhaler,100mg,773.12,20,1325,41,JM8299,2025-03-24,2028-11-02,Yes,OTC,Store in cool and dry place,"Fluconazole 100mg Inhaler used for treatment"
MED0017,Azithral,Clotrimazole,Antitubercular,Glenmark Pharma,Gel,200mg,905.88,10,2726,117,AS5046,2025-05-13,2026-10-20,No,H,Store below 25°C in a dry place,"Clotrimazole 200mg Gel used for treatment"
MED0018,Zithromax,Itraconazole,Antimalarial,Mankind Pharma,Cream,1g,187.75,20,183,157,LS8289,2024-10-20,2026-05-25,Yes,H1,Protect from moisture and light,"Itraconazole 1g Cream used for treatment"
MED0019,Azee,Griseofulvin,Anxiolytic,Emcure Pharma,Suppository,25mg,108.03,20,2625,180,DH1073,2024-04-27,2027-03-22,No,G,Store below 25°C in a dry place,"Griseofulvin 25mg Suppository used for treatment"
MED0020,Amoxil,Fexofenadine,Anxiolytic,Biocon Ltd.,Patch,5mg,141.04,60,3260,109,LY2490,2024-07-05,2028-04-09,Yes,OTC,Keep in a dry place away from sunlight,"Fexofenadine 5mg Patch used for treatment"
MED0021,Mox,Cetirizine HCl,Vitamin,Bayer India,Suspension,100mg,738.84,30,4754,165,JT4122,2024-04-25,2027-09-07,No,G,Store at room temperature (15-30°C),"Cetirizine HCl 100mg Suspension used for treatment"
MED0022,Augmentin,Montelukast,Antitubercular,Emcure Pharma,Cream,200mg,677.25,60,4392,138,YO9352,2024-05-21,2026-07-14,Yes,X,Protect from moisture and light,"Montelukast 200mg Cream used for treatment"
MED0023,Clavam,Levocetirizine,Anxiolytic,Mankind Pharma,Suppository,25mg,719.57,500ml,3131,158,AW5196,2025-10-01,2028-03-04,Yes,X,Protect from moisture and light,"Levocetirizine 25mg Suppository used for treatment"
MED0024,Ciproflox,Triprolidine+Pseudoephedrine,Antihistamine,MSD Pharma,Suppository,50mg,283.15,30,291,162,CC7408,2025-07-24,2026-08-19,No,OTC,Refrigerate at 2-8°C,"Triprolidine+Pseudoephedrine 50mg Suppository used for treatment"
MED0025,Ciplox,Diphenhydramine,NSAID,Ajanta Pharma,Solution,20mg,369.07,15,2528,25,LH7899,2024-02-18,2029-12-11,Yes,H,Store at room temperature (15-30°C),"Diphenhydramine 20mg Solution used for treatment"
MED0026,Norflox,Salbutamol,Iron Supplement,Torrent Pharma,Drops,400mg,881.30,20,418,83,SY8157,2025-11-06,2026-07-01,No,X,Store in cool and dry place,"Salbutamol 400mg Drops used for treatment"
MED0027,Oflomac,Theophylline+Etofylline,Antihypertensive,Aurobindo Pharma,Tablet,100mg,634.63,20,4110,176,ZH8955,2025-04-25,2028-04-05,No,G,Store below 25°C in a dry place,"Theophylline+Etofylline 100mg Tablet used for treatment"
MED0028,Levoflox,Formoterol+Budesonide,Antifungal,Cipla Ltd.,Patch,25mg,264.62,200ml,4921,75,NM8105,2025-07-19,2027-02-20,No,X,Protect from moisture and light,"Formoterol+Budesonide 25mg Patch used for treatment"
MED0029,Metrogyl,Salmeterol+Fluticasone,Analgesic,Cipla Ltd.,Gel,5mg,171.31,20,2328,188,GU2419,2025-12-17,2027-07-22,No,X,Keep in a dry place away from sunlight,"Salmeterol+Fluticasone 5mg Gel used for treatment"
MED0030,Flagyl,Budesonide,Antitubercular,Alkem Labs,Gel,75mg,989.14,100,824,159,NA7668,2024-06-01,2029-07-03,Yes,G,Store at room temperature (15-30°C),"Budesonide 75mg Gel used for treatment"
MED0031,Tiniba,Ipratropium+Levosalbutamol,Analgesic,GSK Pharma,Inhaler,15ml,74.34,10,3957,60,XZ8689,2025-12-07,2029-03-12,No,H,Protect from moisture and light,"Ipratropium+Levosalbutamol 15ml Inhaler used for treatment"
MED0032,Fluconazole,Pantoprazole,Antitubercular,Ipca Labs,Suspension,200mg,628.51,200ml,3485,195,PX1930,2025-04-07,2026-02-07,No,OTC,Store in cool and dry place,"Pantoprazole 200mg Suspension used for treatment"
MED0033,Candid,Pantoprazole+Domperidone,NSAID,Ajanta Pharma,Gel,800mg,856.15,20,2221,180,FI3988,2024-09-07,2026-10-17,No,OTC,Refrigerate at 2-8°C,"Pantoprazole+Domperidone 800mg Gel used for treatment"
MED0034,Itraconazole,Omeprazole,Anticoagulant,Cadila Healthcare,Syrup,10ml,147.20,10,4932,139,OO1825,2024-03-13,2026-12-07,No,OTC,Store at room temperature (15-30°C),"Omeprazole 10ml Syrup used for treatment"
MED0035,Grisovin,Ranitidine HCl,Anticonvulsant,FDC Ltd.,Suspension,62.5mg,343.00,200ml,3317,85,ME3088,2025-10-13,2026-09-06,Yes,X,Refrigerate at 2-8°C,"Ranitidine HCl 62.5mg Suspension used for treatment"
MED0036,Allegra,Famotidine,Anxiolytic,Wockhardt Ltd.,Powder,20mg,220.99,20,495,99,YN3416,2025-10-04,2028-10-17,No,H1,Store in cool and dry place,"Famotidine 20mg Powder used for treatment"
MED0037,Cetirizine,Sucralfate,Antibiotic,Dr. Reddy's,Drops,500mg,925.68,60,1869,51,EM8621,2024-11-22,2028-03-11,Yes,OTC,Store at room temperature (15-30°C),"Sucralfate 500mg Drops used for treatment"
MED0038,Zyrtec,Aluminium+Magnesium Hydroxide,Antidepressant,Hetero Labs,Capsule,100ml,213.74,20,1609,63,EI3274,2024-04-13,2026-03-04,No,X,Store below 30°C away from light,"Aluminium+Magnesium Hydroxide 100ml Capsule used for treatment"
MED0039,Montair,Sodium Alginate,NSAID,Intas Pharma,Gel,37.5mg,856.99,100,1321,74,QA3772,2025-09-23,2028-04-02,No,G,Keep in a dry place away from sunlight,"Sodium Alginate 37.5mg Gel used for treatment"
MED0040,Levocet,Metformin HCl,Anticoagulant,Micro Labs,Suspension,650mg,982.99,60,3780,144,BN4009,2024-09-18,2029-01-12,No,H1,Keep in a dry place away from sunlight,"Metformin HCl 650mg Suspension used for treatment"
MED0041,Sinarest,Glimepiride,Antimalarial,FDC Ltd.,Drops,1%,159.94,500ml,2233,199,SF9309,2024-02-12,2027-01-12,Yes,G,Store at room temperature (15-30°C),"Glimepiride 1% Drops used for treatment"
MED0042,Benadryl,Sitagliptin,Thyroid,Biocon Ltd.,Syrup,62.5mg,619.41,100ml,1049,21,DE4147,2024-11-12,2029-07-18,No,OTC,Store below 25°C in a dry place,"Sitagliptin 62.5mg Syrup used for treatment"
MED0043,Asthalin,Vildagliptin,Antidepressant,Novartis India,Injection,800mg,611.68,60,2693,54,JE8507,2025-10-04,2028-05-12,No,G,Store at room temperature (15-30°C),"Vildagliptin 800mg Injection used for treatment"
MED0044,Deriphyllin,Linagliptin,Antidiabetic,Cadila Healthcare,Ointment,100ml,921.25,10,4888,109,FC9240,2024-02-14,2026-06-08,No,X,Store below 25°C in a dry place,"Linagliptin 100ml Ointment used for treatment"
MED0045,Foracort,Empagliflozin,Bronchodilator,Emcure Pharma,Gel,500mg,162.77,20,4917,175,FK9065,2025-09-11,2028-12-19,Yes,G,Store at room temperature (15-30°C),"Empagliflozin 500mg Gel used for treatment"
MED0046,Seroflo,Canagliflozin,Bronchodilator,Hetero Labs,Gel,7.5mg,477.73,30,758,108,DR6043,2025-11-23,2026-04-22,No,X,Store below 25°C in a dry place,"Canagliflozin 7.5mg Gel used for treatment"
MED0047,Budecort,Insulin Human,Statin,Biocon Ltd.,Suspension,62.5mg,248.37,100,3049,23,YY5407,2024-06-01,2028-01-09,Yes,G,Store at room temperature (15-30°C),"Insulin Human 62.5mg Suspension used for treatment"
MED0048,Duolin,Insulin Glargine,Antidepressant,Hetero Labs,Powder,25mg,157.03,30,4580,142,GJ5516,2024-07-28,2027-04-09,Yes,H1,Store below 30°C away from light,"Insulin Glargine 25mg Powder used for treatment"
MED0049,Ventolin,Amlodipine Besylate,Antiparasitic,Cipla Ltd.,Tablet,62.5mg,884.47,20,967,191,ZP2573,2024-10-14,2029-04-20,No,H,Store in cool and dry place,"Amlodipine Besylate 62.5mg Tablet used for treatment"
MED0050,Salbutamol,Telmisartan,Antiemetic,Torrent Pharma,Injection,37.5mg,942.32,20,232,200,OG1527,2025-07-13,2027-11-21,Yes,G,Store below 30°C away from light,"Telmisartan 37.5mg Injection used for treatment"
MED0051,Pantop,Losartan Potassium,Opioid Analgesic,AstraZeneca,Ointment,300mg,38.37,500ml,751,73,PO4991,2025-02-12,2028-01-01,No,X,Store at room temperature (15-30°C),"Losartan Potassium 300mg Ointment used for treatment"
MED0052,Pan-D,Enalapril Maleate,Analgesic,Glenmark Pharma,Drops,200mg,628.12,100,873,123,GT7346,2024-12-21,2026-08-02,No,H1,Store below 25°C in a dry place,"Enalapril Maleate 200mg Drops used for treatment"
MED0053,Omez,Ramipril,Antibiotic,Zydus Cadila,Gel,400mg,267.61,500ml,4374,19,UW5470,2025-02-20,2026-09-14,Yes,OTC,Protect from moisture and light,"Ramipril 400mg Gel used for treatment"
MED0054,Ranitidine,Atenolol,Antacid,Intas Pharma,Gel,500mg,932.50,200ml,1852,63,QR7031,2024-01-15,2027-09-06,No,OTC,Store below 25°C in a dry place,"Atenolol 500mg Gel used for treatment"
MED0055,Rantac,Metoprolol Succinate,Antipsychotic,Zydus Cadila,Injection,15ml,899.35,15,4349,69,OR5071,2025-06-18,2026-07-21,Yes,X,Refrigerate at 2-8°C,"Metoprolol Succinate 15ml Injection used for treatment"
MED0056,Famotidine,Bisoprolol,Antipsychotic,Abbott India,Ointment,5ml,231.30,15,546,166,KY5076,2024-11-11,2029-05-09,No,G,Store in cool and dry place,"Bisoprolol 5ml Ointment used for treatment"
MED0057,Sucralfate,Carvedilol,Vitamin,AstraZeneca,Injection,150mg,978.86,20,601,86,JX4433,2024-12-06,2029-06-25,No,H,Store below 30°C away from light,"Carvedilol 150mg Injection used for treatment"
MED0058,Gelusil,Clopidogrel Bisulfate,Anxiolytic,Cadila Healthcare,Solution,5%,782.43,100,4422,148,LE5553,2024-07-28,2028-05-26,Yes,H,Store below 25°C in a dry place,"Clopidogrel Bisulfate 5% Solution used for treatment"
MED0059,Digene,Warfarin Sodium,Antiviral,Ipca Labs,Syrup,25mg,578.89,30,2397,182,EI6893,2024-02-24,2027-09-07,Yes,H,Store in cool and dry place,"Warfarin Sodium 25mg Syrup used for treatment"
MED0060,Gaviscon,Enoxaparin Sodium,Antipsychotic,Dr. Reddy's,Drops,12.5mg,520.82,100ml,938,128,IB6479,2025-02-02,2028-01-02,No,X,Protect from moisture and light,"Enoxaparin Sodium 12.5mg Drops used for treatment"
MED0061,Metformin,Atorvastatin Calcium,Anticonvulsant,Sun Pharma,Gel,400mg,909.58,30,3148,41,YM7541,2024-09-16,2028-08-25,Yes,X,Store below 25°C in a dry place,"Atorvastatin Calcium 400mg Gel used for treatment"
MED0062,Glucophage,Rosuvastatin Calcium,Vitamin,Hetero Labs,Injection,1g,167.94,500ml,153,104,OT2398,2024-04-10,2029-04-07,No,H1,Protect from moisture and light,"Rosuvastatin Calcium 1g Injection used for treatment"
MED0063,Glimepiride,Fenofibrate,Corticosteroid,Sanofi India,Syrup,400mg,785.94,60,4099,55,NF7100,2025-06-17,2029-10-22,No,H1,Store below 25°C in a dry place,"Fenofibrate 400mg Syrup used for treatment"
MED0064,Amaryl,Ezetimibe,Antibiotic,Sun Pharma,Capsule,2.5mg,582.75,20,4577,104,ZQ9180,2025-03-21,2028-01-13,No,H,Store at room temperature (15-30°C),"Ezetimibe 2.5mg Capsule used for treatment"
MED0065,Januvia,Levothyroxine Sodium,Statin,GSK Pharma,Suppository,37.5mg,874.81,20,1266,15,NQ4927,2024-08-18,2029-01-18,Yes,X,Refrigerate at 2-8°C,"Levothyroxine Sodium 37.5mg Suppository used for treatment"
MED0066,Galvus,Carbimazole,Antiparasitic,Ajanta Pharma,Cream,2.5mg,676.18,20,4321,160,YV9283,2025-10-11,2029-11-16,No,H,Refrigerate at 2-8°C,"Carbimazole 2.5mg Cream used for treatment"
MED0067,Trajenta,Prednisolone,Antiparasitic,Natco Pharma,Tablet,250mg,662.77,100ml,3782,144,KE1589,2025-07-14,2026-01-15,No,H1,Store at room temperature (15-30°C),"Prednisolone 250mg Tablet used for treatment"
MED0068,Jardiance,Dexamethasone,Anticonvulsant,Bayer India,Injection,62.5mg,79.65,30,767,180,RO8163,2025-08-12,2029-07-24,No,H,Store below 30°C away from light,"Dexamethasone 62.5mg Injection used for treatment"
MED0069,Invokana,Hydrocortisone,Antiparasitic,Cadila Healthcare,Capsule,5ml,159.47,200ml,3081,174,ZV4491,2024-12-25,2026-03-14,No,X,Keep in a dry place away from sunlight,"Hydrocortisone 5ml Capsule used for treatment"
MED0070,Mixtard,Betamethasone,Calcium Supplement,MSD Pharma,Suppository,1g,988.50,100ml,3096,113,ZK5751,2024-12-19,2028-03-18,Yes,H1,Store at room temperature (15-30°C),"Betamethasone 1g Suppository used for treatment"
MED0071,Huminsulin,Deflazacort,Antihistamine,Glenmark Pharma,Ointment,12.5mg,146.99,10,4631,74,KC9888,2024-02-19,2028-04-09,Yes,OTC,Store below 30°C away from light,"Deflazacort 12.5mg Ointment used for treatment"
MED0072,Lantus,Prednisone,Antifungal,Glenmark Pharma,Drops,1%,443.16,100ml,2733,74,RE6257,2024-09-10,2028-01-23,Yes,G,Store in cool and dry place,"Prednisone 1% Drops used for treatment"
MED0073,Amlodipine,Desloratadine,Antipsychotic,Natco Pharma,Suspension,100mg,646.70,20,3824,49,JT4381,2025-01-03,2028-02-01,Yes,X,Store below 25°C in a dry place,"Desloratadine 100mg Suspension used for treatment"
MED0074,Amlopress,Bilastine,Anticoagulant,Lupin Ltd.,Suppository,50mg,772.53,20,3593,19,DB8770,2024-06-02,2029-06-22,No,H,Store at room temperature (15-30°C),"Bilastine 50mg Suppository used for treatment"
MED0075,Telmisartan,Chlorpheniramine Maleate,Antihistamine,Intas Pharma,Suspension,50mg,296.08,200ml,540,124,ZO5526,2025-06-28,2027-04-28,No,X,Store at room temperature (15-30°C),"Chlorpheniramine Maleate 50mg Suspension used for treatment"
MED0076,Telma,Hydroxyzine HCl,Vitamin,Sanofi India,Patch,10mg,704.78,100ml,9,112,BD4335,2024-07-16,2028-07-19,Yes,H,Store at room temperature (15-30°C),"Hydroxyzine HCl 10mg Patch used for treatment"
MED0077,Losartan,Promethazine HCl,PPI,Emcure Pharma,Capsule,15ml,976.12,500ml,2692,11,DW7702,2024-08-05,2026-08-28,No,H1,Store in cool and dry place,"Promethazine HCl 15ml Capsule used for treatment"
MED0078,Repace,Ondansetron HCl,Antibiotic,Intas Pharma,Injection,100mg,152.91,30,4941,95,HP9762,2025-02-08,2029-10-04,No,G,Protect from moisture and light,"Ondansetron HCl 100mg Injection used for treatment"
MED0079,Enalapril,Domperidone,Statin,AstraZeneca,Gel,800mg,601.37,60,4983,73,DC8423,2024-01-10,2029-07-10,Yes,G,Store below 25°C in a dry place,"Domperidone 800mg Gel used for treatment"
MED0080,Ramipril,Metoclopramide HCl,Antipsychotic,Cipla Ltd.,Injection,15ml,814.65,30,528,41,HV9748,2025-02-11,2029-12-07,No,G,Store below 30°C away from light,"Metoclopramide HCl 15ml Injection used for treatment"
MED0081,Atenolol,Alprazolam,Antidiabetic,Boehringer Ingelheim,Injection,800mg,428.81,20,2504,153,AU4359,2024-04-19,2029-12-20,Yes,G,Store in cool and dry place,"Alprazolam 800mg Injection used for treatment"
MED0082,Metoprolol,Clonazepam,Anticonvulsant,Abbott India,Gel,7.5mg,702.25,60,3079,108,UC5034,2024-07-23,2026-01-22,No,X,Store below 25°C in a dry place,"Clonazepam 7.5mg Gel used for treatment"
MED0083,Concor,Diazepam,Anticoagulant,Wockhardt Ltd.,Solution,1g,120.95,500ml,2210,125,GP2841,2025-04-16,2029-07-17,Yes,H,Store at room temperature (15-30°C),"Diazepam 1g Solution used for treatment"
MED0084,Cardivas,Lorazepam,Antidepressant,Dr. Reddy's,Inhaler,37.5mg,554.85,60,1709,183,DJ5390,2025-10-08,2029-04-25,Yes,H,Store at room temperature (15-30°C),"Lorazepam 37.5mg Inhaler used for treatment"
MED0085,Ecosprin-AV,Zolpidem Tartrate,Antidiabetic,Natco Pharma,Ointment,25mg,381.38,100,2359,136,ZT9979,2025-07-05,2028-05-06,No,X,Store below 25°C in a dry place,"Zolpidem Tartrate 25mg Ointment used for treatment"
MED0086,Clopidogrel,Melatonin,Opioid Analgesic,AstraZeneca,Gel,62.5mg,827.50,15,3106,152,BI1330,2024-01-12,2028-05-16,No,X,Refrigerate at 2-8°C,"Melatonin 62.5mg Gel used for treatment"
MED0087,Deplatt,Amitriptyline HCl,Bronchodilator,Novartis India,Drops,1%,136.37,15,4657,152,DV7812,2024-06-24,2027-10-23,Yes,H1,Store below 25°C in a dry place,"Amitriptyline HCl 1% Drops used for treatment"
MED0088,Warfarin,Fluoxetine HCl,Corticosteroid,Novartis India,Solution,100ml,998.36,100,4159,198,MI2044,2025-03-03,2026-05-10,No,H,Keep in a dry place away from sunlight,"Fluoxetine HCl 100ml Solution used for treatment"
MED0089,Heparin,Sertraline HCl,Anticonvulsant,Emcure Pharma,Gel,62.5mg,25.06,10,1366,163,QH1265,2025-04-01,2029-04-07,Yes,X,Refrigerate at 2-8°C,"Sertraline HCl 62.5mg Gel used for treatment"
MED0090,Enoxaparin,Escitalopram Oxalate,Antiparasitic,GSK Pharma,Inhaler,800mg,785.09,200ml,298,11,FH7444,2025-05-10,2028-12-19,Yes,G,Store in cool and dry place,"Escitalopram Oxalate 800mg Inhaler used for treatment"
MED0091,Atorvastatin,Paroxetine HCl,Antipsychotic,Micro Labs,Suspension,10ml,145.15,100,4481,22,LY2235,2024-11-16,2026-09-14,No,H,Keep in a dry place away from sunlight,"Paroxetine HCl 10ml Suspension used for treatment"
MED0092,Atorva,Duloxetine HCl,Corticosteroid,Zydus Cadila,Capsule,75mg,578.14,100ml,19,155,SH1719,2024-01-18,2029-11-14,Yes,X,Store at room temperature (15-30°C),"Duloxetine HCl 75mg Capsule used for treatment"
MED0093,Rosuvastatin,Venlafaxine HCl,Analgesic,Natco Pharma,Gel,200mg,771.09,30,4237,33,CZ8297,2025-12-13,2026-06-08,No,H,Refrigerate at 2-8°C,"Venlafaxine HCl 200mg Gel used for treatment"
MED0094,Crestor,Olanzapine,Bronchodilator,Glenmark Pharma,Drops,400mg,164.63,100,3992,90,VT5313,2024-08-16,2027-09-22,No,H,Store below 30°C away from light,"Olanzapine 400mg Drops used for treatment"
MED0095,Fenofibrate,Risperidone,Calcium Supplement,Biocon Ltd.,Ointment,12.5mg,871.41,200ml,4279,183,VH7650,2025-11-17,2026-12-20,Yes,H,Keep in a dry place away from sunlight,"Risperidone 12.5mg Ointment used for treatment"
MED0096,Ezetimibe,Quetiapine Fumarate,Antipyretic,Pfizer India,Injection,150mg,47.79,500ml,1925,32,DS2948,2025-06-02,2026-09-05,No,OTC,Protect from moisture and light,"Quetiapine Fumarate 150mg Injection used for treatment"
MED0097,Thyronorm,Aripiprazole,Antacid,Zydus Cadila,Inhaler,15ml,229.65,500ml,3436,25,TC3427,2025-05-04,2028-01-21,No,H1,Store below 30°C away from light,"Aripiprazole 15ml Inhaler used for treatment"
MED0098,Eltroxin,Lithium Carbonate,Anticoagulant,Boehringer Ingelheim,Solution,10mg,127.09,10,1889,173,FR8614,2024-11-16,2028-09-23,No,X,Store below 30°C away from light,"Lithium Carbonate 10mg Solution used for treatment"
MED0099,Levothyroxine,Sodium Valproate,Antifungal,Lupin Ltd.,Patch,12.5mg,578.86,60,524,200,TA4002,2025-05-12,2029-12-27,Yes,H,Store below 25°C in a dry place,"Sodium Valproate 12.5mg Patch used for treatment"
MED0100,Neomercazole,Carbamazepine,Vitamin,AstraZeneca,Injection,150mg,970.23,10,3047,81,GS2169,2024-09-09,2026-10-25,No,H1,Store below 30°C away from light,"Carbamazepine 150mg Injection used for treatment"
MED0101,Prednisolone,Phenytoin Sodium,Calcium Supplement,Sun Pharma,Capsule,10ml,629.05,60,1294,63,VK5217,2025-10-19,2028-07-09,Yes,H,Store in cool and dry place,"Phenytoin Sodium 10ml Capsule used for treatment"
MED0102,Wysolone,Levetiracetam,Anticoagulant,Wockhardt Ltd.,Cream,12.5mg,624.21,20,3511,61,VH5604,2025-02-19,2029-11-27,Yes,X,Store in cool and dry place,"Levetiracetam 12.5mg Cream used for treatment"
MED0103,Dexamethasone,Gabapentin,Statin,Biocon Ltd.,Capsule,1%,511.92,30,3586,86,SY3056,2025-08-16,2029-05-03,Yes,X,Refrigerate at 2-8°C,"Gabapentin 1% Capsule used for treatment"
MED0104,Hydrocortisone,Pregabalin,Anticonvulsant,Bayer India,Injection,300mg,525.05,100ml,3132,59,QS1088,2025-11-12,2027-10-11,No,G,Store below 25°C in a dry place,"Pregabalin 300mg Injection used for treatment"
MED0105,Betnesol,Topiramate,Antacid,Dr. Reddy's,Suppository,5ml,929.69,15,3292,26,HU5486,2025-06-13,2028-12-04,Yes,H,Keep in a dry place away from sunlight,"Topiramate 5ml Suppository used for treatment"
MED0106,Deflazacort,Tramadol HCl,Anxiolytic,Lupin Ltd.,Gel,25mg,438.22,100ml,4822,183,GO6279,2024-07-17,2027-02-12,No,X,Store below 30°C away from light,"Tramadol HCl 25mg Gel used for treatment"
MED0107,Prednisone,Tapentadol HCl,Antiviral,Abbott India,Suppository,20mg,376.48,15,3238,72,IV5274,2024-03-18,2028-10-24,Yes,OTC,Store below 25°C in a dry place,"Tapentadol HCl 20mg Suppository used for treatment"
MED0108,Cetirizine-D,Morphine Sulfate,Analgesic,Natco Pharma,Inhaler,75mg,201.30,15,4911,166,SO8839,2024-01-02,2028-04-22,No,H1,Protect from moisture and light,"Morphine Sulfate 75mg Inhaler used for treatment"
MED0109,Fexofenadine,Fentanyl Citrate,Antifungal,Emcure Pharma,Suppository,7.5mg,887.42,15,2109,75,FS6177,2024-10-02,2028-12-01,Yes,X,Keep in a dry place away from sunlight,"Fentanyl Citrate 7.5mg Suppository used for treatment"
MED0110,Desloratadine,Codeine Phosphate,Antidiabetic,Cipla Ltd.,Syrup,10mg,979.32,10,3303,102,WS2968,2025-09-18,2028-01-06,No,H1,Refrigerate at 2-8°C,"Codeine Phosphate 10mg Syrup used for treatment"
MED0111,Levocetirizine,Piroxicam,Antihistamine,Boehringer Ingelheim,Cream,1g,723.48,15,1012,74,PX1485,2024-10-27,2026-09-01,No,H1,Store below 30°C away from light,"Piroxicam 1g Cream used for treatment"
MED0112,Bilastine,Naproxen Sodium,Antiviral,Torrent Pharma,Capsule,500mg,807.92,30,2978,131,NR3844,2024-09-01,2028-02-27,No,H,Store at room temperature (15-30°C),"Naproxen Sodium 500mg Capsule used for treatment"
MED0113,Chlorpheniramine,Etoricoxib,Antihypertensive,Intas Pharma,Syrup,2%,611.91,30,536,159,XR7396,2025-08-17,2029-06-07,No,X,Keep in a dry place away from sunlight,"Etoricoxib 2% Syrup used for treatment"
MED0114,Hydroxyzine,Celecoxib,Iron Supplement,Hetero Labs,Injection,5mg,312.56,100ml,3041,42,OH8157,2024-11-05,2026-10-24,No,H,Store below 25°C in a dry place,"Celecoxib 5mg Injection used for treatment"
MED0115,Promethazine,Calcium Carbonate+Vitamin D3,Bronchodilator,Micro Labs,Cream,37.5mg,738.80,20,905,142,WW7168,2025-07-24,2026-11-21,Yes,G,Store below 25°C in a dry place,"Calcium Carbonate+Vitamin D3 37.5mg Cream used for treatment"
MED0116,Ondansetron,Cholecalciferol,NSAID,Lupin Ltd.,Suspension,400mg,558.97,200ml,1928,78,LQ4923,2025-04-18,2028-08-07,Yes,X,Keep in a dry place away from sunlight,"Cholecalciferol 400mg Suspension used for treatment"
MED0117,Domperidone,Zoledronic Acid,Opioid Analgesic,FDC Ltd.,Tablet,2%,127.49,100ml,4815,134,FV9978,2024-04-08,2029-11-06,Yes,OTC,Refrigerate at 2-8°C,"Zoledronic Acid 2% Tablet used for treatment"
MED0118,Metoclopramide,Alendronate Sodium,Iron Supplement,Natco Pharma,Injection,1%,200.74,100,3918,122,UQ6250,2024-01-28,2027-01-18,No,H,Protect from moisture and light,"Alendronate Sodium 1% Injection used for treatment"
MED0119,Cyclizine,Ferrous Ascorbate+Folic Acid,Anxiolytic,Emcure Pharma,Tablet,100mg,786.10,100ml,2600,63,FT1605,2025-02-07,2028-02-07,No,OTC,Refrigerate at 2-8°C,"Ferrous Ascorbate+Folic Acid 100mg Tablet used for treatment"
MED0120,Alprazolam,Ferrous Fumarate,Antipyretic,AstraZeneca,Suppository,15ml,371.93,100ml,1612,156,XW7016,2024-06-04,2026-04-10,Yes,H,Protect from moisture and light,"Ferrous Fumarate 15ml Suppository used for treatment"
MED0121,Clonazepam,Iron Sucrose,Antitubercular,Boehringer Ingelheim,Gel,150mg,777.03,60,3042,153,YG3471,2024-06-03,2027-12-13,Yes,H,Keep in a dry place away from sunlight,"Iron Sucrose 150mg Gel used for treatment"
MED0122,Diazepam,Folic Acid,Antipyretic,Alkem Labs,Inhaler,2%,859.54,200ml,3924,122,RO3620,2024-09-21,2026-03-08,Yes,H1,Protect from moisture and light,"Folic Acid 2% Inhaler used for treatment"
MED0123,Lorazepam,Cyanocobalamin,Antimalarial,Lupin Ltd.,Drops,25mg,22.68,100ml,1641,149,TV5335,2024-08-01,2029-09-28,No,G,Store below 30°C away from light,"Cyanocobalamin 25mg Drops used for treatment"
MED0124,Zolpidem,Methylcobalamin,Antidepressant,Cipla Ltd.,Inhaler,2%,323.20,500ml,3568,18,GO4872,2024-10-18,2028-01-28,Yes,X,Protect from moisture and light,"Methylcobalamin 2% Inhaler used for treatment"
MED0125,Zopiclone,Thiamine+Pyridoxine+Cyanocobalamin,NSAID,Novartis India,Suspension,12.5mg,264.92,20,661,116,UG4746,2024-02-15,2029-07-21,No,G,Protect from moisture and light,"Thiamine+Pyridoxine+Cyanocobalamin 12.5mg Suspension used for treatment"
MED0126,Melatonin,Ascorbic Acid,Corticosteroid,AstraZeneca,Ointment,100mg,693.77,100,4369,131,NW4396,2024-11-02,2029-08-05,No,H,Store at room temperature (15-30°C),"Ascorbic Acid 100mg Ointment used for treatment"
MED0127,Amitriptyline,Multivitamin+Multimineral,PPI,Ipca Labs,Cream,0.5%,574.79,20,2942,45,ZK3116,2025-03-15,2028-12-03,No,G,Protect from moisture and light,"Multivitamin+Multimineral 0.5% Cream used for treatment"
MED0128,Fluoxetine,Tocopherol Acetate,Opioid Analgesic,Lupin Ltd.,Syrup,2%,160.73,200ml,3845,107,GW1910,2024-11-25,2026-10-21,No,OTC,Store below 25°C in a dry place,"Tocopherol Acetate 2% Syrup used for treatment"
MED0129,Sertraline,Ketoconazole,Antitubercular,Torrent Pharma,Suppository,800mg,944.97,500ml,2409,155,LT3912,2025-11-15,2029-11-24,Yes,H,Keep in a dry place away from sunlight,"Ketoconazole 800mg Suppository used for treatment"
MED0130,Escitalopram,Terbinafine HCl,Antihypertensive,Intas Pharma,Suspension,2%,977.81,60,1992,170,KK8296,2024-10-24,2026-03-01,No,G,Store in cool and dry place,"Terbinafine HCl 2% Suspension used for treatment"
MED0131,Paroxetine,Miconazole Nitrate,Antibiotic,Lupin Ltd.,Inhaler,37.5mg,801.50,20,3844,75,OZ2592,2024-04-10,2029-10-19,No,X,Store below 30°C away from light,"Miconazole Nitrate 37.5mg Inhaler used for treatment"
MED0132,Duloxetine,Nystatin,Antiemetic,Bayer India,Tablet,800mg,476.98,15,2428,199,GJ8025,2024-02-03,2028-12-11,No,H,Refrigerate at 2-8°C,"Nystatin 800mg Tablet used for treatment"
MED0133,Venlafaxine,Acyclovir,Thyroid,Aurobindo Pharma,Tablet,50mg,34.00,100ml,877,131,ZO2172,2025-11-28,2028-02-02,Yes,OTC,Store below 30°C away from light,"Acyclovir 50mg Tablet used for treatment"
MED0134,Olanzapine,Valacyclovir HCl,Opioid Analgesic,FDC Ltd.,Solution,5mg,303.20,20,345,43,QC8323,2025-10-08,2029-06-26,No,H1,Store below 30°C away from light,"Valacyclovir HCl 5mg Solution used for treatment"
MED0135,Risperidone,Oseltamivir Phosphate,Antipyretic,Glenmark Pharma,Solution,150mg,711.53,15,2584,89,WL9896,2025-02-26,2026-09-03,Yes,X,Refrigerate at 2-8°C,"Oseltamivir Phosphate 150mg Solution used for treatment"
MED0136,Quetiapine,Remdesivir,Antihistamine,Biocon Ltd.,Drops,1g,938.50,60,213,45,KB2582,2025-02-11,2027-06-05,No,H,Store below 30°C away from light,"Remdesivir 1g Drops used for treatment"
MED0137,Aripiprazole,Molnupiravir,PPI,Alkem Labs,Cream,75mg,801.77,60,4182,183,VL9825,2025-04-18,2028-11-13,No,OTC,Store below 25°C in a dry place,"Molnupiravir 75mg Cream used for treatment"
MED0138,Lithium,Ivermectin,Antiviral,Lupin Ltd.,Suspension,5ml,696.31,10,4643,68,DO5915,2025-06-09,2027-06-13,No,X,Store at room temperature (15-30°C),"Ivermectin 5ml Suspension used for treatment"
MED0139,Valproate,Albendazole,Calcium Supplement,MSD Pharma,Solution,10mg,523.16,60,3390,187,RQ2489,2025-02-28,2028-07-06,Yes,H1,Protect from moisture and light,"Albendazole 10mg Solution used for treatment"
MED0140,Carbamazepine,Mebendazole,Bronchodilator,Hetero Labs,Patch,7.5mg,264.71,100ml,4944,26,JW3602,2024-02-24,2028-10-26,No,G,Keep in a dry place away from sunlight,"Mebendazole 7.5mg Patch used for treatment"
MED0141,Phenytoin,Praziquantel,Antipsychotic,Bayer India,Capsule,1%,547.35,60,809,197,KT3874,2024-02-15,2029-12-21,Yes,H,Store at room temperature (15-30°C),"Praziquantel 1% Capsule used for treatment"
MED0142,Levetiracetam,Hydroxychloroquine Sulfate,NSAID,Wockhardt Ltd.,Patch,37.5mg,179.56,60,935,82,QA1344,2025-12-04,2028-07-17,No,G,Store in cool and dry place,"Hydroxychloroquine Sulfate 37.5mg Patch used for treatment"
MED0143,Gabapentin,Chloroquine Phosphate,PPI,Aurobindo Pharma,Powder,0.5%,55.36,100,4376,133,EL5391,2025-11-19,2028-08-21,No,X,Store below 30°C away from light,"Chloroquine Phosphate 0.5% Powder used for treatment"
MED0144,Pregabalin,Artemether+Lumefantrine,PPI,Lupin Ltd.,Ointment,200mg,781.72,200ml,234,106,AP7260,2025-05-27,2029-03-12,Yes,OTC,Refrigerate at 2-8°C,"Artemether+Lumefantrine 200mg Ointment used for treatment"
MED0145,Topiramate,Rifampicin,Urology,Emcure Pharma,Powder,800mg,343.11,500ml,2978,178,PV9236,2024-07-16,2026-02-22,No,OTC,Store below 30°C away from light,"Rifampicin 800mg Powder used for treatment"
MED0146,Paracetamol-CF,Isoniazid,Statin,Zydus Cadila,Capsule,300mg,948.17,60,2299,98,MJ2479,2025-05-28,2029-11-23,Yes,OTC,Store below 25°C in a dry place,"Isoniazid 300mg Capsule used for treatment"
MED0147,Tramadol,Pyrazinamide,Opioid Analgesic,Mankind Pharma,Cream,650mg,548.73,10,2882,130,QE7163,2025-07-25,2028-07-22,No,X,Keep in a dry place away from sunlight,"Pyrazinamide 650mg Cream used for treatment"
MED0148,Tapentadol,Ethambutol HCl,Anxiolytic,AstraZeneca,Cream,500mg,839.57,60,53,83,EB3991,2024-01-26,2026-06-22,Yes,G,Store at room temperature (15-30°C),"Ethambutol HCl 500mg Cream used for treatment"
MED0149,Morphine,Sildenafil Citrate,Antibiotic,Sanofi India,Gel,10mg,410.50,10,4325,173,XB6398,2024-07-10,2026-10-24,Yes,H1,Refrigerate at 2-8°C,"Sildenafil Citrate 10mg Gel used for treatment"
MED0150,Fentanyl,Tadalafil,Antidepressant,Dr. Reddy's,Powder,37.5mg,377.26,100ml,3710,66,CE6463,2024-01-28,2026-12-12,Yes,H1,Store below 30°C away from light,"Tadalafil 37.5mg Powder used for treatment"
MED0151,Codeine,Tamsulosin HCl,Analgesic,Novartis India,Patch,200ml,581.80,100,346,156,CG8608,2024-12-23,2029-09-02,Yes,X,Keep in a dry place away from sunlight,"Tamsulosin HCl 200ml Patch used for treatment"
MED0152,Aceclofenac,Finasteride,Antitubercular,Pfizer India,Cream,100mg,386.23,10,3296,132,PI5094,2025-03-13,2027-10-16,No,H1,Store in cool and dry place,"Finasteride 100mg Cream used for treatment"
MED0153,Piroxicam,Dutasteride,NSAID,Pfizer India,Drops,25mg,835.74,200ml,2466,68,FH5777,2025-06-28,2029-08-24,No,H1,Keep in a dry place away from sunlight,"Dutasteride 25mg Drops used for treatment"
MED0154,Naproxen,Zinc Sulfate,Antihypertensive,Novartis India,Ointment,50mg,718.17,20,4630,57,AM7350,2024-03-16,2027-04-06,No,H,Store at room temperature (15-30°C),"Zinc Sulfate 50mg Ointment used for treatment"
MED0155,Etoricoxib,Paracetamol,NSAID,AstraZeneca,Solution,100ml,959.42,60,877,193,NF6189,2025-10-07,2029-12-08,No,X,Keep in a dry place away from sunlight,"Paracetamol 100ml Solution used for treatment"
MED0156,Celecoxib,Ibuprofen,Antihistamine,Natco Pharma,Powder,15ml,70.26,500ml,2548,200,WG2847,2024-10-13,2029-12-22,No,X,Store below 25°C in a dry place,"Ibuprofen 15ml Powder used for treatment"
MED0157,Calcium-D3,Diclofenac Sodium,Anxiolytic,Pfizer India,Tablet,10ml,737.32,500ml,658,49,SP7447,2024-07-08,2026-05-17,No,H,Refrigerate at 2-8°C,"Diclofenac Sodium 10ml Tablet used for treatment"
MED0158,Shelcal,Mefenamic Acid,Calcium Supplement,Wockhardt Ltd.,Patch,50mg,91.07,200ml,3833,191,QI1947,2024-02-06,2027-12-09,No,H1,Keep in a dry place away from sunlight,"Mefenamic Acid 50mg Patch used for treatment"
MED0159,Calcimax,Aceclofenac,Anxiolytic,Cipla Ltd.,Inhaler,250mg,908.14,10,2084,98,YO8130,2025-04-17,2029-10-27,Yes,H,Refrigerate at 2-8°C,"Aceclofenac 250mg Inhaler used for treatment"
MED0160,Gemcal,Aspirin,Antihypertensive,Micro Labs,Gel,25mg,123.06,15,3363,103,XZ9132,2025-10-26,2027-01-26,Yes,OTC,Store below 30°C away from light,"Aspirin 25mg Gel used for treatment"
MED0161,Cipcal,Azithromycin,Urology,GSK Pharma,Cream,800mg,741.64,100ml,3035,143,IL3635,2025-09-09,2027-03-19,No,G,Store at room temperature (15-30°C),"Azithromycin 800mg Cream used for treatment"
MED0162,OsteofosD3,Amoxicillin,Iron Supplement,FDC Ltd.,Suspension,800mg,805.74,10,851,77,PC4907,2024-02-19,2028-02-02,No,OTC,Store in cool and dry place,"Amoxicillin 800mg Suspension used for treatment"
MED0163,Zoledronic,Amoxicillin+Clavulanate,Antipsychotic,Bayer India,Injection,25mg,514.52,30,3684,185,SM4741,2025-10-16,2027-10-21,Yes,G,Protect from moisture and light,"Amoxicillin+Clavulanate 25mg Injection used for treatment"
MED0164,Alendronate,Ciprofloxacin,Antihypertensive,Emcure Pharma,Suspension,5ml,722.99,100,3916,126,LK5122,2024-08-20,2028-07-09,Yes,G,Store below 25°C in a dry place,"Ciprofloxacin 5ml Suspension used for treatment"
MED0165,Iron-Folic,Norfloxacin,Antiviral,Zydus Cadila,Injection,2%,422.06,100ml,160,101,BK1515,2024-02-25,2029-05-10,Yes,H,Store at room temperature (15-30°C),"Norfloxacin 2% Injection used for treatment"
MED0166,Livogen,Ofloxacin,Antibiotic,Cadila Healthcare,Patch,150mg,38.05,100ml,594,57,GL9310,2024-08-24,2029-01-10,No,H,Store in cool and dry place,"Ofloxacin 150mg Patch used for treatment"
MED0167,Autrin,Levofloxacin,Calcium Supplement,Hetero Labs,Suppository,7.5mg,602.93,100,856,192,HC4345,2024-07-09,2028-11-11,Yes,X,Store below 30°C away from light,"Levofloxacin 7.5mg Suppository used for treatment"
MED0168,Dexorange,Metronidazole,Antifungal,MSD Pharma,Capsule,37.5mg,285.58,20,2472,159,XY8025,2025-02-07,2028-07-16,No,G,Keep in a dry place away from sunlight,"Metronidazole 37.5mg Capsule used for treatment"
MED0169,Orofer,Tinidazole,Antiemetic,Micro Labs,Drops,5%,963.58,200ml,2240,117,IX7677,2025-03-24,2028-09-28,No,H,Store at room temperature (15-30°C),"Tinidazole 5% Drops used for treatment"
MED0170,FolicAcid,Fluconazole,PPI,Glenmark Pharma,Solution,100ml,312.84,200ml,2040,169,EU3869,2024-02-06,2027-05-13,Yes,X,Store below 25°C in a dry place,"Fluconazole 100ml Solution used for treatment"
MED0171,Vitamin-B12,Clotrimazole,Antifungal,Alkem Labs,Gel,150mg,489.19,30,2846,133,DK2928,2025-06-15,2027-06-05,Yes,OTC,Store at room temperature (15-30°C),"Clotrimazole 150mg Gel used for treatment"
MED0172,Methylcobalamin,Itraconazole,Antitubercular,MSD Pharma,Patch,200ml,569.95,15,654,80,DF1818,2024-03-01,2026-03-05,Yes,G,Store below 25°C in a dry place,"Itraconazole 200ml Patch used for treatment"
MED0173,Neurobion,Griseofulvin,Antipsychotic,Bayer India,Drops,5%,732.94,60,3494,131,UD6646,2024-02-01,2028-10-07,Yes,H,Store below 25°C in a dry place,"Griseofulvin 5% Drops used for treatment"
MED0174,BecosuleZ,Fexofenadine,NSAID,Abbott India,Capsule,10mg,41.60,15,237,91,RP5527,2025-02-21,2026-01-26,No,X,Store below 25°C in a dry place,"Fexofenadine 10mg Capsule used for treatment"
MED0175,Limcee,Cetirizine HCl,Antipyretic,AstraZeneca,Patch,50mg,945.49,500ml,2229,48,GP6372,2024-09-21,2029-05-20,Yes,OTC,Keep in a dry place away from sunlight,"Cetirizine HCl 50mg Patch used for treatment"
MED0176,Celin,Montelukast,Antipyretic,Lupin Ltd.,Powder,200ml,535.51,60,2828,60,UE1459,2024-07-04,2028-10-26,No,OTC,Keep in a dry place away from sunlight,"Montelukast 200ml Powder used for treatment"
MED0177,Revital,Levocetirizine,PPI,Biocon Ltd.,Solution,25mg,735.01,20,1389,30,HL1323,2025-10-09,2027-10-18,Yes,OTC,Refrigerate at 2-8°C,"Levocetirizine 25mg Solution used for treatment"
MED0178,Supradyn,Triprolidine+Pseudoephedrine,Antipyretic,Aurobindo Pharma,Solution,400mg,403.49,500ml,902,66,MM8622,2025-11-09,2026-05-05,No,G,Protect from moisture and light,"Triprolidine+Pseudoephedrine 400mg Solution used for treatment"
MED0179,Centrum,Diphenhydramine,PPI,Glenmark Pharma,Suppository,650mg,837.27,15,4340,62,TH2705,2024-03-15,2027-01-26,No,H1,Protect from moisture and light,"Diphenhydramine 650mg Suppository used for treatment"
MED0180,Zincovit,Salbutamol,Anticoagulant,AstraZeneca,Ointment,75mg,780.23,200ml,2149,40,KI9585,2024-07-17,2026-12-27,No,H,Refrigerate at 2-8°C,"Salbutamol 75mg Ointment used for treatment"
MED0181,AtoZ-Gold,Theophylline+Etofylline,Antihistamine,Abbott India,Capsule,12.5mg,432.87,10,2756,158,DE8062,2025-01-08,2027-11-02,Yes,H1,Store below 30°C away from light,"Theophylline+Etofylline 12.5mg Capsule used for treatment"
MED0182,Maxirich,Formoterol+Budesonide,Analgesic,GSK Pharma,Solution,800mg,570.28,20,4634,64,HY5302,2025-09-13,2027-01-22,No,X,Store at room temperature (15-30°C),"Formoterol+Budesonide 800mg Solution used for treatment"
MED0183,Becadexamin,Salmeterol+Fluticasone,Antihistamine,Ajanta Pharma,Cream,500mg,649.84,60,4395,36,DX7924,2024-10-26,2029-04-23,No,G,Store below 30°C away from light,"Salmeterol+Fluticasone 500mg Cream used for treatment"
MED0184,Evion,Budesonide,Iron Supplement,Ajanta Pharma,Gel,100mg,755.87,15,3717,32,UM5822,2025-05-01,2029-01-28,Yes,H,Store below 25°C in a dry place,"Budesonide 100mg Gel used for treatment"
MED0185,Tocotrienol,Ipratropium+Levosalbutamol,Antidepressant,Sun Pharma,Syrup,200mg,176.88,30,4004,110,DD8904,2024-04-25,2027-03-07,Yes,OTC,Keep in a dry place away from sunlight,"Ipratropium+Levosalbutamol 200mg Syrup used for treatment"
MED0186,Ketoconazole,Pantoprazole,Antimalarial,Pfizer India,Cream,2%,880.90,60,2624,24,DM2649,2025-05-25,2029-08-02,No,H1,Refrigerate at 2-8°C,"Pantoprazole 2% Cream used for treatment"
MED0187,Terbinafine,Pantoprazole+Domperidone,Calcium Supplement,MSD Pharma,Powder,100mg,414.96,100ml,3459,74,HH1536,2024-06-04,2027-06-04,Yes,H,Refrigerate at 2-8°C,"Pantoprazole+Domperidone 100mg Powder used for treatment"
MED0188,Clotrimazole,Omeprazole,NSAID,Ajanta Pharma,Drops,15ml,106.86,500ml,2290,66,GF7386,2025-06-24,2027-10-13,Yes,H,Protect from moisture and light,"Omeprazole 15ml Drops used for treatment"
MED0189,Miconazole,Ranitidine HCl,Antipsychotic,AstraZeneca,Solution,650mg,252.73,100,4630,50,HX5274,2025-11-09,2027-01-10,No,H1,Store below 30°C away from light,"Ranitidine HCl 650mg Solution used for treatment"
MED0190,Nystatin,Famotidine,Antitubercular,Glenmark Pharma,Tablet,25mg,206.72,200ml,1454,196,LL1056,2025-10-17,2027-05-20,No,H,Store below 30°C away from light,"Famotidine 25mg Tablet used for treatment"
MED0191,Acyclovir,Sucralfate,Bronchodilator,Pfizer India,Suppository,5mg,234.61,15,1659,146,FV8217,2024-12-18,2028-06-07,No,G,Refrigerate at 2-8°C,"Sucralfate 5mg Suppository used for treatment"
MED0192,Valacyclovir,Aluminium+Magnesium Hydroxide,Iron Supplement,Sanofi India,Powder,300mg,638.20,20,1946,69,JC9818,2024-08-20,2027-11-27,No,H,Store at room temperature (15-30°C),"Aluminium+Magnesium Hydroxide 300mg Powder used for treatment"
MED0193,Oseltamivir,Sodium Alginate,Antihistamine,Sanofi India,Powder,800mg,287.68,100ml,1441,31,JA5700,2025-05-17,2029-01-11,Yes,G,Store in cool and dry place,"Sodium Alginate 800mg Powder used for treatment"
MED0194,Remdesivir,Metformin HCl,Anticoagulant,FDC Ltd.,Suspension,25mg,229.00,100ml,1812,47,TT1422,2025-06-19,2026-01-16,Yes,X,Protect from moisture and light,"Metformin HCl 25mg Suspension used for treatment"
MED0195,Molnupiravir,Glimepiride,Anxiolytic,Glenmark Pharma,Ointment,10ml,850.57,60,3509,29,UG7092,2024-06-21,2029-09-20,Yes,G,Keep in a dry place away from sunlight,"Glimepiride 10ml Ointment used for treatment"
MED0196,Ivermectin,Sitagliptin,Antifungal,MSD Pharma,Drops,150mg,719.42,20,4297,173,RL4473,2024-06-24,2028-09-10,Yes,X,Keep in a dry place away from sunlight,"Sitagliptin 150mg Drops used for treatment"
MED0197,Albendazole,Vildagliptin,PPI,Ajanta Pharma,Cream,2%,966.10,100ml,868,161,YH3707,2024-03-04,2026-01-16,No,H1,Store in cool and dry place,"Vildagliptin 2% Cream used for treatment"
MED0198,Mebendazole,Linagliptin,Antibiotic,Novartis India,Inhaler,400mg,470.19,100ml,2367,72,GT3970,2025-02-19,2027-12-01,No,OTC,Protect from moisture and light,"Linagliptin 400mg Inhaler used for treatment"
MED0199,Praziquantel,Empagliflozin,Antacid,Sun Pharma,Syrup,800mg,833.18,200ml,174,45,XL7017,2024-10-04,2029-02-27,Yes,H,Store at room temperature (15-30°C),"Empagliflozin 800mg Syrup used for treatment"
MED0200,Hydroxychloroquine,Canagliflozin,Antimalarial,Abbott India,Solution,200mg,185.75,10,1489,187,LH1036,2025-10-25,2029-01-26,Yes,X,Protect from moisture and light,"Canagliflozin 200mg Solution used for treatment"
MED0201,Chloroquine,Insulin Human,Antipyretic,Zydus Cadila,Suppository,2%,202.08,30,800,121,WE6360,2024-12-18,2026-06-16,No,OTC,Protect from moisture and light,"Insulin Human 2% Suppository used for treatment"
MED0202,Artemether,Insulin Glargine,Antifungal,Aurobindo Pharma,Gel,800mg,900.47,20,759,188,SW5154,2024-04-03,2026-10-10,No,H1,Store below 25°C in a dry place,"Insulin Glargine 800mg Gel used for treatment"
MED0203,Rifampicin,Amlodipine Besylate,Antacid,Wockhardt Ltd.,Patch,400mg,937.87,200ml,2500,86,BS2130,2025-03-20,2028-05-16,Yes,OTC,Store at room temperature (15-30°C),"Amlodipine Besylate 400mg Patch used for treatment"
MED0204,Isoniazid,Telmisartan,Anticoagulant,Torrent Pharma,Patch,7.5mg,596.12,500ml,369,55,HT9087,2024-06-10,2028-10-03,No,OTC,Store in cool and dry place,"Telmisartan 7.5mg Patch used for treatment"
MED0205,Pyrazinamide,Losartan Potassium,Anxiolytic,Lupin Ltd.,Inhaler,7.5mg,399.14,100ml,3845,47,BT9325,2024-09-20,2028-07-26,Yes,X,Store below 30°C away from light,"Losartan Potassium 7.5mg Inhaler used for treatment"
MED0206,Ethambutol,Enalapril Maleate,Antimalarial,Boehringer Ingelheim,Solution,75mg,866.25,200ml,1611,105,YI8033,2025-01-23,2026-05-06,Yes,OTC,Refrigerate at 2-8°C,"Enalapril Maleate 75mg Solution used for treatment"
MED0207,Sildenafil,Ramipril,NSAID,Intas Pharma,Injection,100ml,281.08,100,343,175,TB2496,2024-07-03,2029-05-07,No,OTC,Store below 25°C in a dry place,"Ramipril 100ml Injection used for treatment"
MED0208,Tadalafil,Atenolol,Opioid Analgesic,Biocon Ltd.,Powder,2.5mg,643.45,30,137,79,IF5241,2025-06-20,2029-07-19,Yes,H1,Refrigerate at 2-8°C,"Atenolol 2.5mg Powder used for treatment"
MED0209,Tamsulosin,Metoprolol Succinate,Antidepressant,Pfizer India,Gel,5mg,707.16,60,1163,164,ST4932,2025-04-06,2029-03-27,Yes,H,Store in cool and dry place,"Metoprolol Succinate 5mg Gel used for treatment"
MED0210,Finasteride,Bisoprolol,Anxiolytic,Emcure Pharma,Syrup,75mg,942.52,30,1333,38,CX4417,2025-03-04,2026-08-03,No,H,Store below 25°C in a dry place,"Bisoprolol 75mg Syrup used for treatment"
